{"train/loss": 0.005, "train/grad_norm": 0.01045872550457716, "train/learning_rate": 6.051382583574082e-07, "train/epoch": 2.0, "train/global_step": 19384, "_timestamp": 1713876648.4600933, "_runtime": 2204.5717012882233, "_step": 41, "eval/loss": 0.007453341037034988, "eval/accuracy": 0.9987829219609561, "eval/runtime": 83.1079, "eval/samples_per_second": 494.321, "eval/steps_per_second": 61.799, "train_runtime": 2123.0647, "train_samples_per_second": 292.149, "train_steps_per_second": 9.13, "total_flos": 2.039939478864384e+16, "train_loss": 0.008006926052490641, "_wandb": {"runtime": 2203}}